Nombre,Apellido,Edad,Email
Danielle,Stewart,56,howardjoseph@example.com
Stacey,Mclaughlin,29,christinerodriguez@example.com
Kristen,Hines,19,lbond@example.org
Alejandro,Morris,36,stephaniedavis@example.org
Charles,Fuentes,54,victorallen@example.net
Kevin,Washington,72,duncanstacey@example.com
Jessica,Mcpherson,59,leah36@example.com
Carrie,Williams,42,vincentjohnson@example.org
Angela,Kennedy,57,andrecoffey@example.org
Jennifer,English,29,kelly39@example.net
Nicholas,Anderson,71,greenethomas@example.org
Ashley,Gonzalez,38,matthewvaughn@example.com
Andre,Campbell,75,elizabethowens@example.com
Sylvia,Taylor,49,howardanne@example.net
Michael,Bell,23,perezjessica@example.org
Christina,Case,46,tony44@example.com
Maureen,Hayes,60,meghan03@example.com
Karen,Perez,79,gingram@example.org
Christian,Sullivan,18,cochrancorey@example.org
Allison,Stevens,40,mayjoseph@example.net
Courtney,House,66,hendrickskevin@example.org
William,Smith,35,kcombs@example.org
Matthew,Stephens,79,rblair@example.net
Amanda,Johnston,23,wwood@example.net
Dave,Galloway,49,franciscobenson@example.org
Sarah,Wilson,46,wagnerkatelyn@example.com
Teresa,Berry,23,megan40@example.net
James,Lee,52,parkerwayne@example.com
Rebecca,Barber,44,ibautista@example.net
Victoria,Hardin,45,martincynthia@example.com
Joseph,Holt,25,pamela68@example.org
Ashley,Johnson,28,aprilmurray@example.net
Jonathan,Robinson,67,tayloraguirre@example.com
Randy,Faulkner,79,abrown@example.org
Maria,Blair,73,parkslinda@example.com
Austin,Webb,53,loretta11@example.net
Matthew,Rice,80,cdavis@example.com
Theresa,Case,23,jimmystevens@example.net
Karen,Gonzalez,41,ayerstraci@example.org
Victor,Scott,53,tibarra@example.com
Bruce,Carr,66,jbauer@example.org
Alexandria,Perez,24,anthonyhector@example.net
Michael,Robinson,59,sarahmiranda@example.com
Tracy,Hardy,28,beckybutler@example.net
Phillip,Hendricks,57,karen22@example.com
Cassandra,Cruz,24,blevinsjames@example.org
Lisa,Johnson,44,emelendez@example.com
Lauren,Turner,77,parrishmatthew@example.net
Reginald,Taylor,49,carmen87@example.org
Tony,Benton,30,maurice84@example.org
Caroline,Hernandez,54,jeremiahlloyd@example.net
Tammy,Johnson,37,stephen60@example.net
Meghan,Crawford,21,barkergary@example.com
Elaine,Porter,68,bennettthomas@example.com
Matthew,Mahoney,26,larsonkyle@example.org
Joel,Gray,18,ydalton@example.org
Valerie,Davis,63,jasmine69@example.net
Jason,Bell,55,youngkatherine@example.org
Karen,Walker,77,iwilliamson@example.org
Sean,Alvarado,52,ppeterson@example.net
Leslie,Wilkinson,53,vgood@example.org
Melissa,Murray,70,amanda47@example.org
Robert,Lopez,67,jamesshaw@example.net
Desiree,Williams,43,kmonroe@example.org
Michael,Baker,40,dean51@example.org
Andrew,Calderon,71,kmartinez@example.org
Justin,Vance,25,hartadam@example.com
Paula,Cummings,21,jtrujillo@example.net
Jason,Wolfe,58,karl93@example.net
Aaron,Liu,70,aevans@example.net
Amanda,Figueroa,64,qpatterson@example.com
Cynthia,Spence,45,martinangela@example.net
Linda,Campbell,36,kellywells@example.org
Daniel,Pugh,35,brenda30@example.org
Rodney,Harris,38,shannonsarah@example.org
Tina,Smith,66,adamfinley@example.org
Eduardo,Hancock,58,elizabeth79@example.net
Amanda,Fischer,56,marthalowe@example.net
Rebecca,Cook,55,matthew54@example.com
Michele,Martinez,49,youngerika@example.org
David,Burch,26,justinford@example.org
Ronald,Hartman,46,stevebonilla@example.com
Amanda,Carson,49,schaefermichael@example.net
Samuel,King,64,jennifer14@example.com
Ann,Reyes,25,blakemorris@example.com
Nicole,Frederick,39,rolson@example.net
Keith,Young,60,angelahill@example.org
Emily,Lucero,37,patrick48@example.net
Heather,Juarez,42,christian99@example.net
Amy,Carter,74,wandalopez@example.net
Jack,Mccann,59,scott13@example.net
Vicki,Soto,29,ymiller@example.org
William,Walter,18,grobinson@example.net
Kenneth,Bailey,49,josephlogan@example.com
John,Kelley,22,alexis19@example.org
Timothy,Blake,77,paul44@example.org
Ashley,Kelley,36,gatesryan@example.com
Tiffany,Parker,55,wsmith@example.com
Leah,Cooper,55,rachelrussell@example.org
Kari,Johnson,52,cassandraheath@example.org
James,Harrison,78,griffintamara@example.org
John,Schmidt,59,robinbrowning@example.com
Rebecca,Johnson,20,calvin19@example.com
Jeremiah,Hansen,45,kenneth95@example.com
Matthew,Ray,63,youngamy@example.com
Jodi,Whitney,52,tiffanykaufman@example.com
Victoria,Morales,46,brittanyhurley@example.org
Nicole,James,66,bcombs@example.net
Kathy,Jackson,25,martinmccullough@example.net
Denise,Miller,79,mollywright@example.org
Charles,Hurley,44,greenedaniel@example.com
James,Bell,19,zrodriguez@example.net
Mary,Pope,79,oliverlisa@example.org
David,Jackson,40,brian16@example.net
Mackenzie,Smith,24,slarsen@example.org
Cody,Frazier,78,sharonsmith@example.net
Eric,Holden,42,sherry76@example.net
Jeffrey,Decker,28,sanchezjoseph@example.org
Nicholas,Davis,25,thomastucker@example.org
Kevin,Wood,33,cknox@example.org
Nicole,Webster,37,piercealexandria@example.org
Andrew,Hartman,59,ojames@example.net
Roger,Lang,25,xhicks@example.org
Heather,Henry,47,ucaldwell@example.net
Kimberly,Davis,18,brent34@example.com
Anthony,Ellison,75,parkertimothy@example.org
Anthony,Hanson,31,walshmary@example.net
Eddie,Brown,80,wilkinsonmelody@example.org
Amy,Miller,40,leemarcus@example.net
David,Price,70,david41@example.com
Aaron,Haynes,48,james87@example.net
Cheryl,White,42,billy80@example.org
Dominic,Gibson,78,ftaylor@example.com
Jeffery,Ross,77,rebeccamosley@example.org
Kayla,Oconnor,75,robin80@example.com
Emily,Pugh,71,christinaschultz@example.com
Mary,Silva,21,quinnlinda@example.org
Cheryl,Olson,23,smithnicole@example.com
Rachel,Patterson,71,jill02@example.org
Amanda,Davis,74,lhodge@example.com
Amy,Watts,37,richardgonzalez@example.org
Lisa,Wang,67,noah63@example.org
Jasmin,Sexton,80,ryan32@example.org
Amber,Black,28,wilsonricky@example.com
James,Campbell,77,waltonjoseph@example.net
Anthony,Tran,71,stacey25@example.net
Lisa,Harmon,39,parksjennifer@example.net
Karen,Jones,18,markcarr@example.net
Jonathan,Brown,40,laura74@example.net
Vincent,Wolfe,35,daniel89@example.com
Andrew,Smith,31,kathleenblair@example.net
Raymond,Stewart,72,joselozano@example.net
Alison,Nguyen,20,meganlopez@example.org
James,White,32,kellygibson@example.net
Roger,Wiggins,51,danagarcia@example.net
Megan,Pham,68,grosscassandra@example.org
Crystal,Sanchez,57,rsuarez@example.net
Kendra,Hill,26,ychan@example.net
Catherine,Johnson,30,melissa73@example.com
Emily,Schwartz,72,pjohnson@example.com
Michael,Li,27,hughescalvin@example.com
Michael,Massey,47,jason85@example.com
David,Berry,70,vsimmons@example.org
Mitchell,Cunningham,41,jennifer58@example.org
Robin,Alvarez,46,johnsondavid@example.org
Linda,Hines,40,larry82@example.org
Wayne,White,43,matthew27@example.org
Omar,Bauer,69,andrew32@example.net
Erica,Guerra,54,andrewmoore@example.org
John,Fritz,36,nicole01@example.net
Laura,Bridges,62,ingramjoy@example.com
Nicole,Sanchez,39,hjohnson@example.net
Brian,Anderson,76,camposryan@example.com
Martin,Ramos,52,webercarrie@example.net
Leslie,Maxwell,58,leeolivia@example.org
Madeline,Cooper,53,knightstephanie@example.net
Gary,Reese,67,wesley74@example.net
Lisa,Fuller,57,heathergreen@example.org
Charles,Mueller,74,cbecker@example.net
Alexander,Robles,57,robert07@example.com
Natalie,Peterson,18,aaroncook@example.net
Johnathan,Perkins,70,gibsonchristopher@example.org
Elizabeth,Murray,22,madison14@example.net
Michelle,Atkinson,23,michelle76@example.org
Cheyenne,Mills,24,charlesbrown@example.net
Paige,Roberts,23,markmaxwell@example.com
Jennifer,Price,68,vegajacob@example.com
Natalie,Steele,20,timothyhurst@example.com
Edward,Garza,31,crystalhenry@example.net
Victoria,Flynn,19,millslinda@example.net
Evelyn,Smith,44,dgreene@example.org
Timothy,Miller,57,taylor51@example.org
Antonio,Lindsey,30,lopezbrian@example.com
Stephen,Rangel,28,dennis17@example.net
Cindy,Kim,20,sarah42@example.org
Brent,Tucker,21,wrightamanda@example.org
Gary,Morris,66,joshua17@example.com
Ethan,Rodriguez,20,vanessarodriguez@example.org
Patricia,Brown,54,jeffery41@example.net
Megan,Huang,33,yorkjohn@example.org
Elizabeth,Kennedy,49,maria29@example.com
Daniel,Reynolds,22,rhonda15@example.net
Peter,Jennings,52,ubray@example.org
Daniel,Ball,76,maria49@example.net
Destiny,Murray,50,fgarcia@example.org
Benjamin,Johnston,80,david76@example.net
Seth,Molina,32,riggscarolyn@example.net
Calvin,Guerrero,63,christopher52@example.org
Sarah,Boyer,65,lopezdavid@example.com
Shelby,Marquez,33,jamesandersen@example.org
Kathy,Wright,52,holmeskenneth@example.org
Ronald,Morales,58,bethany24@example.net
Edward,Graham,34,lshields@example.org
Dennis,Byrd,27,xsimpson@example.net
Kimberly,Barnes,24,gwhite@example.org
Janice,Simmons,31,jedwards@example.org
Michael,Kim,63,danielroberts@example.com
Veronica,Schwartz,25,ethanjordan@example.com
Jason,Thomas,44,dmontgomery@example.net
Mark,Delgado,27,joystanley@example.org
Paul,Marquez,57,kaitlynjimenez@example.net
Lisa,Valenzuela,69,heatherbush@example.org
Melinda,Galloway,34,mcole@example.org
Paula,Soto,29,saundersderek@example.com
Paul,Andrews,75,daniel57@example.org
Michael,Murphy,21,maryjones@example.com
Dana,Garcia,51,ashleyglover@example.com
Jason,Thompson,56,monicarichardson@example.org
Julie,Tucker,66,npoole@example.net
Renee,Anderson,77,xmendez@example.com
Pamela,Smith,22,cbarton@example.com
Paul,Willis,42,ianthompson@example.com
John,Shelton,50,lauracantu@example.com
Keith,Lopez,42,gary99@example.org
Dennis,Castaneda,31,rachaeljohnson@example.net
Gregory,Frazier,46,maldonadomason@example.org
Julia,Payne,39,darlenecollins@example.net
Kelli,Fox,44,taylormaureen@example.net
Briana,Martinez,65,ugregory@example.org
Michelle,Goodwin,22,michael97@example.com
Patrick,Fuentes,59,tamara47@example.net
Lee,Taylor,40,edward30@example.org
Jamie,Ross,63,kylie66@example.org
Thomas,Myers,69,david81@example.com
Samuel,Hill,54,zbrown@example.net
Maria,Davis,70,mark25@example.org
Kimberly,Barnes,66,sydney13@example.com
Crystal,Waters,70,genedunn@example.net
Monica,Wright,47,sheilahunt@example.org
Taylor,Hill,32,zaguilar@example.org
Mark,Stokes,76,jerry52@example.net
Charles,Bishop,26,wesleyevans@example.net
Theresa,Bradley,71,rileydonald@example.org
Hayley,Berry,78,odavis@example.com
Michael,Daniel,30,jeffwilliams@example.com
Jacob,Williams,67,juliacollins@example.net
Michael,Ayers,42,wdiaz@example.com
Jeremy,Trevino,51,daniel41@example.org
Russell,Mays,68,ebarker@example.org
Stephanie,Silva,64,csalazar@example.org
Kevin,Dickerson,48,wilcoxanita@example.net
Heather,Schultz,69,stephanie43@example.com
Linda,Harrington,32,walkercarrie@example.org
Timothy,Warren,27,charlene10@example.org
Rebecca,Martinez,20,derrick83@example.com
Marvin,Kelley,65,leeeric@example.com
Sandra,Noble,28,ortizmeredith@example.com
Michael,Beltran,79,barnettjoseph@example.net
Brett,Harper,36,karencampbell@example.net
Matthew,Waters,65,vasquezadrian@example.com
Melissa,Ramirez,34,fwatson@example.net
Julie,Boone,23,susanstewart@example.net
Robert,Burns,75,emilybrowning@example.net
Anna,Macias,77,heatherhart@example.com
David,Valencia,67,ycarrillo@example.org
Christopher,Woods,44,ywilson@example.org
Brett,Jenkins,69,fosteramanda@example.org
Ernest,Young,74,kurtrodriguez@example.org
Ethan,Blake,78,robertalexander@example.org
Ricky,Watson,55,ylopez@example.com
William,Hatfield,58,carlbrown@example.net
Daniel,Strickland,29,daniel84@example.org
James,Soto,27,vchapman@example.com
Natalie,Campbell,43,iweaver@example.net
Bruce,Hayes,48,melindaguerrero@example.org
Cody,Wilkinson,55,imaxwell@example.org
Kathryn,Glenn,54,johnsonthomas@example.com
Christopher,Snyder,60,smithcarlos@example.org
Whitney,Hardy,37,keithwhite@example.net
Nancy,Schwartz,49,drodriguez@example.net
Luke,Grant,63,maryevans@example.com
Gail,Jensen,25,jeromemoore@example.org
Victoria,Hudson,42,stephanie51@example.com
Chloe,Hughes,49,lynn20@example.net
Devon,Nielsen,71,josephjackson@example.net
Elizabeth,Arnold,23,crystal64@example.org
Chase,Bennett,22,dawn83@example.com
Michelle,Sanders,55,michael21@example.com
Alyssa,Roberts,18,jeremyvargas@example.org
Tracey,Rodriguez,56,mcmillansharon@example.net
Charles,Porter,21,josephmichele@example.org
Courtney,Sutton,62,iwilliamson@example.net
Jacob,Oliver,68,jonjohnson@example.com
Stephanie,Austin,61,michellewilliams@example.net
Lawrence,Randolph,59,esimmons@example.org
Regina,Gordon,40,leslie74@example.net
Jose,Hernandez,42,michael08@example.org
Jason,Hall,21,djordan@example.org
Ricky,Brown,77,ycurry@example.com
Andrew,Watts,70,dmason@example.net
Anna,Hutchinson,18,mmoore@example.com
Jeffrey,Smith,52,tonya10@example.org
Jennifer,Mcdonald,54,maxwellwelch@example.com
Denise,Ramirez,36,lori62@example.com
Brian,Garcia,29,catherine14@example.net
Ashley,Guerrero,60,adavis@example.org
Juan,Murphy,67,jamesburton@example.net
Richard,Maldonado,57,marie26@example.org
Erica,Maxwell,52,daniel84@example.net
Lindsey,White,66,dhall@example.com
Jennifer,Sparks,68,elizabethgarrett@example.org
Christopher,Terrell,68,mark72@example.com
Sabrina,Donaldson,40,grahamjason@example.net
Megan,Davis,39,maxgonzalez@example.com
Alicia,Cohen,21,thaynes@example.com
Joseph,Robinson,42,meyerssherry@example.com
Lisa,Scott,43,jamie20@example.net
Annette,Johnson,39,melissa46@example.com
Laura,Logan,24,carmen16@example.org
Patrick,Frey,68,rebecca49@example.org
Beth,Contreras,78,gregory58@example.net
Kelly,Smith,22,wendy88@example.com
Randy,Jones,61,morganteresa@example.net
Deborah,Rogers,25,robertjohnson@example.net
Natalie,Howard,18,nwhite@example.net
Kimberly,Singh,44,lsalazar@example.com
Jessica,Davis,33,guerrerojoshua@example.net
Andrew,Hartman,26,dtran@example.net
Christine,Gomez,27,qbrown@example.com
Reginald,Torres,60,rebecca30@example.com
Bryan,Hubbard,80,davidhunter@example.org
Rachael,Chandler,32,valeriethomas@example.com
Timothy,Miller,34,owilliams@example.org
Meghan,Collins,37,alyssarobinson@example.com
Crystal,Smith,75,mariabryant@example.com
Tammy,Lopez,46,jeremygarcia@example.com
Susan,Moore,49,danielcross@example.net
Melissa,Davis,74,kimberly67@example.com
Carla,Brown,74,samuel39@example.com
Michael,Brown,76,brandon06@example.net
Yvonne,Torres,60,gonzalezalexa@example.com
Lisa,Jones,46,markmichael@example.org
Malik,Jenkins,52,tiffanydavidson@example.com
Megan,Mcdaniel,39,davisgabriel@example.org
Caleb,Escobar,44,melindabrown@example.com
April,Cisneros,27,tpham@example.org
Christopher,Andrews,79,tammymoore@example.com
William,Mitchell,63,heathrobert@example.com
Steven,Harrison,62,jenningsjared@example.com
Paula,Vasquez,51,jacob59@example.net
Linda,Bridges,69,laura00@example.com
April,Ford,43,qpatterson@example.org
Logan,Robinson,37,phillipslauren@example.net
Andrew,Carter,75,watersbradley@example.net
Lauren,Scott,32,bryangiles@example.com
Billy,Anderson,50,bbecker@example.org
Paul,Stein,77,dwilson@example.com
Crystal,Osborne,69,marcusthompson@example.com
Erin,Callahan,55,snyderderek@example.com
Allen,Elliott,37,fernandezkaren@example.org
Elizabeth,Brown,69,ldavis@example.net
Carl,Harris,39,markburton@example.org
Michael,Fuller,55,martinryan@example.net
Michelle,Jones,20,lindsey63@example.org
Claudia,Thompson,45,carolyn12@example.net
Joseph,Burns,63,lisa02@example.org
Marvin,Gibson,68,joshualane@example.org
Amanda,Brown,75,ashleydavis@example.org
Crystal,Thomas,73,yatkinson@example.com
Charles,Williams,52,christine93@example.org
Erin,Mcguire,70,cynthia36@example.net
Julia,White,61,rothrobert@example.net
Steven,Duke,26,wrightkayla@example.com
Sherry,Gibson,32,michaelmoore@example.net
Nicholas,Garrison,47,david41@example.org
Eric,Martinez,44,abigailibarra@example.com
Jason,Mcgee,28,imason@example.org
Matthew,Brown,19,munozharold@example.net
Marcus,Maldonado,60,hayesdan@example.org
Richard,Murphy,60,estone@example.com
Brandon,King,36,amanda98@example.org
Michele,Wright,66,xarias@example.com
Christopher,Richards,23,whitney55@example.net
Brittany,Ho,47,tina32@example.com
Louis,Orr,59,mturner@example.org
Angela,Wong,70,jeremysanchez@example.org
Debra,Bradley,80,ellisjorge@example.org
Brittany,Foster,31,idunlap@example.net
Ashley,Garcia,38,dgalvan@example.org
Rachel,Montgomery,79,catherine28@example.net
Robin,Taylor,63,mosesgary@example.com
Robin,Matthews,53,hli@example.com
Mary,Hardy,69,robertsmith@example.org
Sergio,Rodriguez,53,irobinson@example.com
Sarah,Flores,58,qkent@example.net
Kimberly,Rice,66,mark72@example.org
Maria,Salinas,44,mpeters@example.com
Michelle,Larsen,80,jasonjones@example.net
Eric,Smith,58,okelly@example.com
Denise,Parrish,52,sydneyatkins@example.net
Rebecca,Murphy,18,manncrystal@example.net
Brianna,Barrera,77,nriggs@example.com
Jose,Roberts,66,jessica99@example.net
Michael,Cobb,21,elopez@example.net
Ryan,Cunningham,48,richardsjustin@example.net
Katherine,Williams,48,bautistajessica@example.org
Sarah,Rios,33,nicholas00@example.org
Lindsey,Hill,34,ilowery@example.net
Alexander,Holmes,63,riddlejohn@example.com
Lisa,Taylor,63,holmestravis@example.org
Rachel,Rush,22,laurieshields@example.org
Clarence,Fowler,53,harrisapril@example.org
Sara,Moses,22,phillipsmaria@example.com
William,Rodriguez,54,fcoleman@example.org
Kenneth,Meyer,53,egood@example.com
Deborah,Stone,33,donna15@example.net
Ronald,Dudley,48,andersoncharles@example.org
Nicole,Jones,64,melissahernandez@example.net
David,Morrow,73,cortezjohn@example.org
Matthew,Miller,68,susansparks@example.com
Joseph,Ibarra,68,wsimmons@example.com
Brianna,Walker,25,gwilliams@example.com
Nicholas,Schneider,25,kevinperez@example.org
Brandon,Barber,42,jaredsullivan@example.net
Kara,Phillips,34,tracycarlson@example.net
Sean,Garcia,69,stevenstephens@example.com
Bryan,Johnson,49,ashleycampbell@example.org
Brett,Ward,37,toddruiz@example.com
Jacob,Combs,45,cynthiabaker@example.net
William,Moran,79,ijones@example.org
Sharon,Stokes,48,emma33@example.net
Elijah,Day,19,seth93@example.net
Jill,Reid,65,nbrown@example.com
Vincent,Weber,38,davidbrown@example.com
Mary,Bailey,60,ginacochran@example.org
Daniel,Crosby,23,heather44@example.net
Kathleen,Morales,72,howardjerry@example.org
Maria,Murphy,42,larry41@example.org
Hector,Fields,55,raymondharding@example.net
Taylor,English,75,sandra06@example.org
Adam,Wall,74,tammieshepard@example.com
Keith,Stanley,26,grodriguez@example.org
Steven,Phillips,27,cfitzgerald@example.org
Erica,Meyer,32,nicholas70@example.net
Jason,Daniels,19,jacobskevin@example.org
Daniel,Bishop,74,charles76@example.org
Vincent,Klein,18,kelly22@example.org
Andrew,King,20,codyaguirre@example.org
Amber,Massey,65,gordonjohn@example.net
Douglas,Figueroa,66,romerotammy@example.com
Kim,Young,48,cwilkins@example.org
Juan,Hubbard,48,rleonard@example.net
Linda,Bartlett,47,davidsmith@example.com
Mark,Dawson,56,hyoung@example.org
Jason,Mays,40,sandersronald@example.com
Todd,Nguyen,31,sarah27@example.net
Christopher,Nash,80,grahamthomas@example.com
Nicole,Moore,73,terricurry@example.net
Cheryl,Smith,19,hmartinez@example.com
Brian,Harrison,28,anthonyelliott@example.net
Eric,Roman,61,ijackson@example.net
Carol,Lowe,60,alisonfranco@example.net
Brian,Webster,63,stephen80@example.net
Jessica,Harris,65,michellestone@example.org
James,Nelson,34,hawkinsangela@example.net
Kevin,Kim,52,gerald16@example.org
Allison,Rosario,19,julie27@example.com
Carrie,Garcia,59,william55@example.net
Jean,Bryant,37,margaret11@example.net
Renee,Martinez,63,barnesjacqueline@example.org
John,Horton,38,michael72@example.net
Melanie,Oliver,33,deborah56@example.com
Tammy,Boyd,43,christianmoody@example.net
Kevin,Dyer,41,holtkaren@example.com
Alexis,Burke,65,alan36@example.com
Derrick,Hansen,67,yphillips@example.net
Paul,Andrade,64,staylor@example.net
Paul,Warner,19,markjohnson@example.org
Cynthia,Campbell,53,stevenswilliam@example.com
Kenneth,Yu,21,arellanokarl@example.com
Sarah,Ramos,72,william84@example.org
Jennifer,Mcbride,66,justinrice@example.net
Mariah,Mendoza,20,cbrown@example.org
Amanda,Murphy,35,dana72@example.com
Erica,Meza,32,toni40@example.com
Raymond,Bell,80,donaldhayes@example.org
Stephanie,Armstrong,78,gomezpaula@example.com
Cynthia,Doyle,61,rfowler@example.net
James,Phillips,39,eroberson@example.com
Samantha,Zamora,46,shannon19@example.net
Vincent,Reid,58,lelliott@example.net
James,Li,72,johnkelley@example.net
Nancy,Garcia,69,julie27@example.org
Candice,Hernandez,60,caseytimothy@example.org
Ashley,Dixon,72,ymartinez@example.com
Cheryl,Figueroa,60,uaguilar@example.net
Robin,Peterson,18,okelly@example.com
Richard,Lewis,30,mariaharris@example.org
Courtney,Thompson,66,greerjack@example.net
Brandon,Mason,80,kweiss@example.org
Michael,Simpson,26,nancyjackson@example.org
Ashley,Rivera,80,rachel35@example.net
Anthony,Reed,53,vargaswilliam@example.net
Deborah,Thomas,55,diana47@example.com
Alyssa,Jones,55,gonzalezlori@example.net
Raymond,Oneill,23,reedshelia@example.com
Jennifer,Holmes,67,orobertson@example.org
Jason,Wilson,63,jennahorton@example.com
Kimberly,Brown,33,moorejoel@example.org
Michelle,Dominguez,44,angela70@example.org
Tiffany,Jones,74,johnsonjulie@example.net
Shirley,Jordan,24,nlewis@example.org
Linda,Lindsey,67,sara39@example.org
Theresa,Shields,76,jnelson@example.net
Michele,May,44,danielbrown@example.org
Sean,Thomas,53,obrienjustin@example.org
Brittany,Shelton,40,pmiller@example.com
Christine,David,74,millschristopher@example.com
Danny,Clark,54,kevinlittle@example.net
Robert,Hunter,76,daniel34@example.com
Crystal,Mcfarland,32,davidlee@example.org
James,Baker,61,brussell@example.org
Justin,Weaver,41,yspencer@example.org
Ellen,Mann,48,wilsonelizabeth@example.org
Deanna,Mitchell,18,warnerdebbie@example.net
Stephen,Morrison,58,regina08@example.org
Amber,Travis,34,ricetina@example.net
Scott,Gonzalez,69,shirley15@example.org
David,Kennedy,59,zstephens@example.net
Richard,Mendoza,62,summersjoshua@example.com
Joseph,Lewis,75,lori81@example.net
Michael,Mercado,72,johnsonbrittany@example.com
Dylan,Griffith,44,cjones@example.net
Adam,Wilson,18,aferguson@example.com
Julie,Day,60,joshua11@example.net
Rhonda,White,73,davidbailey@example.com
Ana,Johnson,41,wchambers@example.net
Alexander,Mueller,44,reynoldschristopher@example.org
Paul,Robinson,37,sheltonnicholas@example.net
Cynthia,Mason,20,efoster@example.net
Pamela,Graham,75,robertfletcher@example.com
Garrett,Cook,48,richard84@example.org
Nicholas,Sandoval,19,deanross@example.org
Stephanie,Bray,22,christopherpatterson@example.com
Shawn,Oliver,31,nmartin@example.net
Crystal,Pittman,70,longdorothy@example.org
Robert,Burns,47,thomas90@example.net
Michael,Bernard,64,randy75@example.com
Lori,Chase,23,johnphillips@example.net
Daniel,Young,44,kayla91@example.org
Jennifer,Garner,65,qcruz@example.org
Paula,Hodges,26,qparrish@example.net
Laura,Jones,50,josephmack@example.org
Ralph,Kim,43,cgarcia@example.org
Kimberly,Davis,20,murphyvanessa@example.com
Jeremiah,Walker,23,woodsdana@example.com
Johnathan,Nelson,63,travismorales@example.net
Denise,Adams,70,foxcheryl@example.net
Dawn,Hurley,49,ruizmelanie@example.net
Chase,Williams,25,john70@example.org
Yvonne,Jimenez,56,robincameron@example.org
Jessica,Anderson,26,kellymark@example.net
Gabriella,Willis,31,brogers@example.com
Christopher,Ray,62,wsimpson@example.net
Cody,Rodriguez,31,smartin@example.net
Maria,Turner,41,rodneylopez@example.net
Patricia,Cohen,36,michaelwright@example.com
Drew,Evans,53,ruben25@example.org
Luke,Roy,71,castroanthony@example.org
Brianna,Stephens,60,mosesluis@example.com
James,Allen,60,kingtiffany@example.org
Derek,Le,80,brownkevin@example.org
Gina,Moody,18,collinskrista@example.com
Desiree,Nelson,63,wallaceandrea@example.com
Andrea,Watson,24,rosskathryn@example.com
Kimberly,Summers,31,thomastimothy@example.net
Amanda,Brown,69,katiedavidson@example.org
Gary,Molina,24,qjohnson@example.net
Megan,Myers,62,edwardjenkins@example.net
Stephanie,Delgado,72,claire43@example.net
Samantha,Benson,58,mary78@example.net
Kari,Hudson,59,munozvalerie@example.net
Angela,Abbott,25,chenwilliam@example.com
Lori,Cook,77,ghampton@example.org
Brian,Leonard,60,ramirezjames@example.com
Autumn,Kane,35,wnguyen@example.net
Jeffery,Duarte,62,andrew05@example.org
Michael,Gentry,26,fjensen@example.net
Jose,Stewart,68,gregory81@example.net
Bianca,Williams,52,markchang@example.net
Todd,Ball,71,nmaxwell@example.org
Gerald,Davis,52,dbartlett@example.org
Alison,Moore,62,jeffreystokes@example.com
Nicholas,Mccullough,77,gary47@example.org
Brian,Phillips,71,patricia59@example.com
Sara,Williams,29,lauraking@example.com
Crystal,Lloyd,70,longjeffrey@example.com
Alyssa,Curtis,76,ynguyen@example.com
Francisco,Robbins,38,waterstimothy@example.com
Michael,Cook,26,carolmedina@example.org
Samantha,Drake,63,robertmckinney@example.org
William,Saunders,53,michaelgardner@example.net
Erika,Vaughn,78,zrodriguez@example.net
Timothy,Horton,30,jasonramsey@example.org
Barry,Kim,79,michael78@example.org
Michele,Howard,30,jeff05@example.com
Shawna,Harris,53,osbornchristian@example.net
Katherine,Haynes,49,dweber@example.net
Michael,Pham,70,heather87@example.net
Brandy,Trevino,45,kim35@example.org
Lee,Ramirez,40,zmartin@example.net
Jeff,Romero,51,pchapman@example.net
Stephanie,Arroyo,37,nwashington@example.net
David,Moreno,71,ramirezkelly@example.net
Carla,Martinez,50,michaelclark@example.org
Denise,Hamilton,77,brucedaniel@example.org
Ellen,Cohen,64,darrendavis@example.org
Brittany,Nielsen,26,catherine44@example.net
Clifford,Brown,18,stownsend@example.com
Jessica,Gray,52,rodriguezlucas@example.org
Stephanie,Blake,73,molly23@example.net
Michael,Hobbs,46,roachscott@example.com
David,Stout,41,fsmith@example.org
Ashley,Jones,47,alejandrogreen@example.org
Mary,Stewart,25,paulanguyen@example.net
Colin,Franklin,57,suzanneclark@example.org
Cheryl,Jones,31,derek17@example.net
Heather,Brown,70,danielle34@example.org
Wendy,Brown,64,amclaughlin@example.net
Brian,Torres,39,tim86@example.net
Samantha,Cochran,46,mooreseth@example.com
Kenneth,Tran,32,brittany15@example.net
Shawna,Elliott,72,michelle43@example.org
Hailey,Montoya,41,zhanggregory@example.net
Mary,Forbes,23,davidvelazquez@example.com
Michael,Brown,48,richard88@example.net
Carmen,Wilson,67,lopezkristin@example.net
Matthew,Craig,75,nmoody@example.net
Jennifer,Young,34,carladavidson@example.com
John,Smith,33,campbellashley@example.com
Becky,Carter,36,guerreropatrick@example.net
Kathleen,Martin,36,brittanysullivan@example.net
Christine,Kramer,18,smithanthony@example.org
Eric,Wolfe,27,scottdavid@example.com
Jose,Silva,37,josephfrancis@example.com
Todd,Gonzalez,40,jermaine46@example.net
Dakota,Watson,71,udeleon@example.org
Jaclyn,Davidson,27,amanda66@example.com
Kyle,Williams,45,vmoore@example.org
Tracy,Parrish,56,shane76@example.org
Diana,Hampton,43,zreed@example.org
Carol,Hernandez,61,qrogers@example.com
Jennifer,Bennett,65,fieldsdaniel@example.net
Danielle,Rodriguez,27,jenniferking@example.com
Jay,Lara,35,davidbell@example.net
David,Moore,77,hinesjoseph@example.net
Jeremy,Jones,60,wayne62@example.net
Maria,Gonzalez,42,jessicapage@example.org
Christopher,Moreno,71,bendercatherine@example.org
Chelsey,Williamson,54,jenniferlynn@example.net
Angela,Rodriguez,47,khughes@example.net
Marco,Krueger,70,qbowen@example.org
David,Bell,38,brittanymurphy@example.net
Nicole,Mccann,43,mitchelltimothy@example.com
Allen,Parker,44,aguirrebryan@example.org
Douglas,Barker,73,stephen67@example.com
Jeffery,Dennis,72,andradevictoria@example.org
Dennis,Ewing,72,oboyd@example.com
Michael,Sanders,78,jmartin@example.com
Traci,Kennedy,37,rhudson@example.org
Trevor,Thornton,24,lewischristina@example.net
Michael,Medina,53,xvillegas@example.com
Cody,Hayes,55,david48@example.com
Nicholas,Murphy,61,bmueller@example.net
Abigail,Rodriguez,38,allen23@example.org
Kelly,Zuniga,61,gilesdonald@example.com
William,Scott,76,taylorjames@example.org
Christina,Brooks,66,gordontravis@example.com
Heather,Contreras,45,wrightlauren@example.net
Jared,Garner,70,nelsoneugene@example.net
Kevin,Sanchez,30,elliskaren@example.net
Kyle,Odom,61,paul05@example.com
Francisco,Pena,34,sloanelizabeth@example.org
Mark,Irwin,41,tanyamurphy@example.com
Nicole,Hanson,18,amy31@example.com
Michael,Ramirez,23,hallen@example.org
Bryan,Davis,33,rnewton@example.net
Rebecca,Rios,59,trivera@example.org
Jack,Reed,62,scottkelsey@example.net
Michael,Barnes,47,cynthia11@example.org
Miranda,Wright,59,egarcia@example.com
Jared,Marquez,42,emma12@example.net
Michelle,Barron,68,amandawatson@example.net
Andrea,Vega,41,thompsonjustin@example.org
Keith,Flores,27,beardbradley@example.net
Rachel,Chambers,64,haysjose@example.org
Jessica,Lewis,48,bjimenez@example.net
Chelsea,Byrd,32,austinspears@example.com
Ryan,King,63,kimberly20@example.com
Amanda,Oliver,25,ruben51@example.com
Amber,Ford,71,jeremywhite@example.com
Tyrone,Michael,20,pennyramirez@example.net
Cindy,Johnson,53,donaldjordan@example.org
Nancy,Jackson,43,twoodward@example.net
Susan,Long,70,elizabetharnold@example.org
Juan,Berry,21,tyler25@example.org
John,Hamilton,34,andrewjohnson@example.com
Wendy,Jones,78,milleredward@example.org
Tim,Davis,45,justin27@example.com
Ruth,Bryant,32,adam99@example.net
Dylan,Barnes,55,lindseyamanda@example.com
Heather,Gonzalez,39,savannah34@example.net
Matthew,Walter,65,thomasstevens@example.com
Janet,Douglas,35,alvarezjonathon@example.org
Tiffany,Richard,29,jessica10@example.net
Edward,Morse,46,evansheather@example.org
Paul,Stewart,37,angela38@example.com
Daniel,Rogers,40,williamgraves@example.com
Christopher,Smith,41,xbest@example.org
Tamara,Elliott,35,barbara58@example.com
Misty,Bryant,63,rachel95@example.org
Emily,Kelly,23,hmatthews@example.net
Adam,Atkins,46,villarrealray@example.net
Christopher,Zimmerman,67,micheal20@example.org
Erin,Waters,21,janet95@example.com
Barbara,Skinner,76,tdavis@example.com
Jason,Dorsey,40,tammyglenn@example.com
Jenna,Hartman,43,tbaldwin@example.com
Tina,Bonilla,71,alexander73@example.net
Chris,Chambers,65,brownphilip@example.com
Lisa,Erickson,64,kara14@example.net
William,Pace,37,richardsosa@example.org
Joseph,Rice,27,kimberly22@example.org
Ashley,Evans,50,harmonsharon@example.org
Carla,Harris,67,mary59@example.net
Diane,Jimenez,29,rachel38@example.org
Charles,Black,45,courtney99@example.net
Jean,Lynch,54,pcoleman@example.com
Alicia,Hernandez,56,elizabethhayes@example.net
Derek,Stewart,80,mariomcdonald@example.net
Amber,Wright,66,john18@example.org
Jason,Dawson,41,castillomelissa@example.org
Ryan,Strong,30,joseph47@example.com
Jason,Stokes,54,tamarahaynes@example.org
Stephanie,Smith,66,ihamilton@example.net
Michelle,Brown,43,wjohnson@example.com
Lisa,Gillespie,35,othompson@example.org
Julia,Davidson,65,lking@example.net
Andrew,Blackburn,50,znguyen@example.net
Wendy,Jackson,51,deleonjessica@example.org
Haley,Fritz,66,andrewsjohnny@example.com
Brent,Cruz,77,kayla04@example.com
Savannah,Butler,45,collinslance@example.net
Evelyn,Ingram,65,katherine36@example.com
Timothy,Wu,51,bwright@example.org
John,Carpenter,45,patricia15@example.com
Erin,Lee,40,michaelfrancis@example.com
Corey,Oconnor,56,ujones@example.net
Barbara,Cook,68,lynchjoshua@example.com
Brenda,Farrell,25,julie82@example.org
Taylor,Schaefer,43,kylegarrison@example.com
Carlos,Norton,61,knightelizabeth@example.net
Andrea,Grant,21,zperez@example.org
Austin,Brennan,48,ereed@example.net
Tiffany,Bennett,76,craig81@example.org
Robert,Smith,56,thomashubbard@example.net
Nicole,Cox,22,jeanette84@example.com
John,Patel,56,saundersmichael@example.net
Rose,Lee,66,reevesjustin@example.com
Claudia,Perry,49,maryvang@example.net
Alisha,Lewis,71,melissamedina@example.org
Rodney,Alvarado,65,hfoster@example.net
Dawn,Williams,42,mharmon@example.org
Brett,Harrison,33,cindy55@example.net
Shelby,Hardin,64,anthony58@example.org
Amanda,Atkins,69,murphytyrone@example.org
John,Flowers,25,garciabrittany@example.org
Jessica,Phillips,43,shannoncaldwell@example.org
Janice,Wilson,64,sheltonkathleen@example.com
Jerry,Williams,58,turnervirginia@example.org
Brent,Lloyd,28,shenry@example.com
Sara,Owens,46,howardcasey@example.com
Christopher,Bates,30,hojohn@example.com
Jordan,Hart,35,moniquepeterson@example.org
John,Campbell,27,sstark@example.net
James,Fuentes,78,bcobb@example.com
Karina,Vaughn,59,martinezhelen@example.net
Rebecca,Jones,56,christineherrera@example.org
Caleb,Moss,25,jeffrey56@example.com
Anna,King,28,monicathompson@example.org
Mary,Anderson,51,omar63@example.org
Kathleen,Sharp,47,kellybell@example.org
James,Powell,49,knightregina@example.com
Danielle,Gordon,41,robert48@example.com
Tracie,Hughes,34,prich@example.net
Raymond,Smith,42,gregoryharris@example.org
Thomas,Spencer,61,monroeanthony@example.com
Jennifer,Elliott,40,chapmancheryl@example.net
Linda,Robertson,22,vanessawhite@example.com
Denise,Evans,22,smithcrystal@example.org
Robert,Estrada,62,jonesmary@example.net
Jennifer,Weiss,64,brent13@example.org
Gene,Gibson,75,louis21@example.com
Teresa,Durham,73,connorthornton@example.com
Heather,Hess,40,fsantiago@example.net
Michelle,Matthews,66,ncole@example.org
Jimmy,Newman,26,floreserin@example.com
Steven,Oneal,18,fnorris@example.net
Jennifer,Wilson,41,redwards@example.com
William,Baker,28,jonesjames@example.org
Amanda,Farley,41,ashley37@example.com
Joyce,Alvarado,52,tgarza@example.com
Julie,Arroyo,73,frank98@example.com
Patricia,Turner,47,barkerjamie@example.com
Paige,Wolf,51,kevinsullivan@example.com
David,Andersen,78,justin12@example.com
Kenneth,Palmer,54,morrisnicholas@example.net
Brian,Love,66,lauramiller@example.org
David,Jordan,18,peterdoyle@example.com
Anna,Velasquez,76,keithbrandon@example.net
Timothy,Arellano,19,kelleydennis@example.com
Amanda,Woods,79,johnsongail@example.net
Kelly,Aguilar,79,qlee@example.com
Alexis,Carter,44,idavis@example.org
Scott,Webb,60,cindy40@example.org
Samantha,Bernard,45,lisa37@example.org
James,Stevens,76,jacksonderrick@example.net
Steven,Mason,44,davisryan@example.org
Melinda,Jones,74,shannonmoreno@example.com
Denise,Perez,46,banderson@example.com
Ricardo,Armstrong,66,qtownsend@example.net
Todd,Fields,67,rachel08@example.net
Michelle,Chapman,63,casey53@example.com
Roger,Burke,34,zachary67@example.com
Brooke,Wong,46,fullerdavid@example.net
Gregory,Vasquez,20,ccampbell@example.net
Wanda,Long,70,eatonjames@example.net
Kelly,Arroyo,35,jchurch@example.com
Carolyn,Stewart,54,madison98@example.com
Hunter,Stevenson,41,victoriaalvarado@example.com
John,Scott,50,james22@example.org
Colleen,Fitzgerald,25,cwebb@example.com
Jill,Werner,25,whiteashley@example.net
Robert,Farmer,34,lrivera@example.net
Mark,Ray,53,patrickvincent@example.org
Debra,Gonzales,80,rdavis@example.com
Jeffrey,Thompson,64,melissa91@example.com
Ariana,Hill,55,trevoryoung@example.com
Carrie,Carpenter,50,johnnavarro@example.com
Shirley,West,38,kenneth27@example.com
Angela,Anthony,73,codyhoffman@example.com
Stacey,Santiago,65,howardandrew@example.com
Jason,Brown,30,rliu@example.org
Mark,Kaufman,21,brandonparker@example.net
Stephen,Lopez,28,cstout@example.com
Jamie,Rodriguez,51,azuniga@example.org
Heather,Delgado,73,aaronstout@example.org
Tiffany,Oconnor,45,terriharding@example.com
Andrea,Gomez,30,kbridges@example.net
Crystal,Scott,40,nixonjustin@example.net
Gina,Johnson,42,aaronmurray@example.com
Douglas,Bennett,74,conniehughes@example.com
Zachary,Molina,60,amber95@example.net
Rachel,Perez,45,christine02@example.org
Tony,Juarez,29,richardsontimothy@example.net
Alan,Fletcher,72,burkebrian@example.com
Deborah,Delacruz,66,victoriawells@example.org
Linda,Johnston,45,victorenglish@example.com
Jo,Johnson,55,nmack@example.org
Frank,Rhodes,21,ogarrison@example.com
Jason,Mills,31,burkesarah@example.com
Kelsey,Price,23,dustin71@example.com
Cynthia,Conner,61,brandon12@example.com
Michael,Crawford,53,amedina@example.com
Jason,Alexander,75,bwilliamson@example.org
Jerry,Riddle,66,julian18@example.org
Terrence,Walsh,58,owilliams@example.org
Jonathan,Daniels,36,shelley04@example.net
George,Bryant,46,stevenmatthews@example.com
Alexander,White,48,josephburnett@example.net
David,Wilkerson,31,dperez@example.com
Kelly,Richard,30,sherrysmith@example.com
Chris,Snyder,22,nathandavis@example.org
Erica,Schneider,63,xmoody@example.com
Ashley,Stewart,47,joan21@example.com
Anna,Holden,24,ymartin@example.org
Rachael,Crawford,42,johnathanmoore@example.org
David,Lester,18,yturner@example.org
Robert,Morgan,22,bcollins@example.com
Theresa,Mercado,77,kellymichael@example.com
Ashley,Clark,58,mirandadavid@example.com
Timothy,Brown,74,christopher81@example.com
Victor,Quinn,48,brettturner@example.com
Robert,Brown,45,robertbryant@example.com
Richard,Foster,59,lindastrickland@example.org
Melissa,Francis,44,dgreene@example.org
Casey,Kelly,21,alan81@example.net
Autumn,Martinez,35,castillobryan@example.net
Sean,Herrera,62,rbecker@example.net
Kimberly,Combs,53,yatestaylor@example.net
Rebecca,Cook,30,uwilliams@example.org
Cynthia,Russell,42,iramos@example.org
Kaitlyn,Chung,52,monicagreene@example.org
Joseph,Franklin,80,ibentley@example.com
Karen,Reed,46,matthew68@example.org
Steven,Stevens,32,michaeljones@example.net
Michael,Lawson,80,vwilson@example.net
Briana,Foster,60,brent18@example.net
Ryan,Smith,24,zyoung@example.org
Sean,Diaz,29,hensonlisa@example.com
Katherine,Houston,45,michaelprice@example.com
Anna,Nguyen,55,oanthony@example.org
Jacob,Chang,56,luisjackson@example.net
Tristan,Hansen,19,gjefferson@example.org
John,Ali,58,jmendoza@example.net
Joseph,Odom,51,theresa64@example.net
Timothy,Gibson,53,emilyrodriguez@example.net
David,Livingston,19,bramirez@example.org
William,Spencer,37,ghumphrey@example.net
Clifford,Sims,77,vincenthannah@example.org
Paul,Smith,20,blewis@example.com
Victor,White,76,hoodwayne@example.org
Gabriel,Hines,35,nathanevans@example.com
Nancy,Shields,58,cannonmichael@example.org
Sandra,Martinez,23,edward07@example.org
Gabrielle,Williams,19,peterdrake@example.com
Jacob,Smith,51,ballen@example.net
Lori,Cross,80,cassie99@example.com
Danny,Jones,44,lwalker@example.com
Juan,Hill,80,michael45@example.com
Matthew,Ramirez,77,gburns@example.org
Christine,Williams,29,gardnerdavid@example.net
Nicole,Salas,24,chris13@example.com
Jessica,Garrett,40,scottmcdonald@example.net
Anna,Rush,35,lblake@example.org
Katherine,Martin,28,imiller@example.com
Jerry,Barnes,22,phillipschristina@example.net
Angela,Kerr,73,jasonwatson@example.net
Brandi,Smith,32,johnsparks@example.org
Heather,Kennedy,34,uhoffman@example.net
Laura,Miller,34,linandrea@example.net
Alyssa,Anderson,55,joshualeon@example.net
Tamara,Gallegos,38,sdecker@example.org
Jennifer,Haney,44,jennifer56@example.net
Emily,Young,38,johncortez@example.com
Ruth,Woods,32,bellchristine@example.org
Veronica,Davis,19,john79@example.com
Jason,Horne,50,thompsonjames@example.com
James,Smith,71,maryduke@example.net
Tiffany,Miller,24,joneswhitney@example.net
Sandra,Hodge,48,ehenderson@example.net
Nicole,Torres,56,markcooper@example.com
Gabriela,Higgins,77,pgordon@example.com
Gregory,Barry,71,thomasbrown@example.org
Cynthia,Quinn,49,bfowler@example.com
Frank,Neal,18,steven64@example.com
Anna,Kelley,48,whamilton@example.com
Angelica,Harmon,66,nwarner@example.com
Krista,Novak,42,jesus75@example.net
Dave,Sanchez,59,matthew68@example.org
Andrea,Stanley,74,acastillo@example.net
Robert,Sutton,58,brownkim@example.net
Melanie,Zimmerman,80,susanflynn@example.org
Tonya,Wright,76,fitzgeraldjanice@example.org
Lisa,Perkins,28,jaimehogan@example.net
Dale,Jackson,46,fedwards@example.com
Victoria,Morris,58,debbie02@example.com
Daniel,Gentry,62,davisstacey@example.net
Robert,Chambers,21,bpowers@example.org
Eric,Mcpherson,69,jonathonwiggins@example.net
Sarah,Fox,53,eric35@example.org
Jennifer,Harrison,62,lanejaime@example.com
Adrian,Miller,44,haneymichael@example.net
Zachary,Tate,70,cgray@example.com
Nichole,Wilkins,38,william70@example.net
Amanda,Hall,58,shawashley@example.org
Stacy,Black,69,katrina90@example.com
Robert,Jackson,18,ambernelson@example.org
Julia,Smith,65,mbrown@example.com
Aaron,Hawkins,47,victoria79@example.org
Traci,Johnson,43,troytaylor@example.org
Jason,Caldwell,39,beltrandebbie@example.net
Jamie,Alvarez,27,caitlinmoore@example.com
Richard,Brock,34,kanderson@example.com
Jeremiah,Beard,44,mitchellsarah@example.org
Diane,Blair,41,lwilliams@example.net
Mariah,Kennedy,77,shawnduncan@example.net
Veronica,Villarreal,78,michellecruz@example.net
Samantha,Case,73,potterrenee@example.com
John,Krause,37,charles47@example.net
